{
	"credit": "Created by Stridey",
	"ambientocclusion": false,
	"textures": {
		"0": "block/crimson_door_top",
		"1": "block/crimson_door_top_vt",
		"particle": "block/crimson_door_top"
	},
	"elements": [
		{
			"from": [0, 5, 14],
			"to": [3, 11, 16],
			"rotation": {"angle": 0, "axis": "y", "origin": [0, 0, 8]},
			"faces": {
				"north": {"uv": [14, 5, 15, 11], "texture": "#1"},
				"east": {"uv": [16, 5, 14, 11], "texture": "#1"},
				"south": {"uv": [15, 5, 16, 11], "texture": "#1", "cullface": "south"},
				"west": {"uv": [14, 5, 16, 11], "texture": "#1", "cullface": "west"}
			}
		},
		{
			"from": [0, 5, 0],
			"to": [3, 11, 2],
			"rotation": {"angle": 0, "axis": "y", "origin": [0, 0, 8]},
			"faces": {
				"north": {"uv": [0, 5, 1, 11], "texture": "#1", "cullface": "north"},
				"east": {"uv": [2, 5, 0, 11], "texture": "#1"},
				"south": {"uv": [1, 5, 2, 11], "texture": "#1"},
				"west": {"uv": [0, 5, 2, 11], "texture": "#1", "cullface": "west"}
			}
		},
		{
			"from": [0, 11, 0],
			"to": [3, 16, 16],
			"rotation": {"angle": 0, "axis": "y", "origin": [0, 0, 8]},
			"faces": {
				"north": {"uv": [1, 0, 0, 5], "texture": "#1", "cullface": "north"},
				"east": {"uv": [16, 0, 0, 5], "texture": "#1"},
				"south": {"uv": [15, 0, 16, 5], "texture": "#1", "cullface": "south"},
				"west": {"uv": [0, 0, 16, 5], "texture": "#1", "cullface": "west"},
				"up": {"uv": [0, 0, 16, 1], "rotation": 90, "texture": "#0", "cullface": "up"},
				"down": {"uv": [0, 5, 16, 4], "rotation": 270, "texture": "#1"}
			}
		},
		{
			"from": [0, 0, 0],
			"to": [3, 5, 16],
			"rotation": {"angle": 0, "axis": "y", "origin": [0, 0, 8]},
			"faces": {
				"north": {"uv": [0, 11, 1, 16], "texture": "#0", "cullface": "north"},
				"east": {"uv": [16, 11, 0, 16], "texture": "#1"},
				"south": {"uv": [15, 11, 16, 16], "texture": "#0", "cullface": "south"},
				"west": {"uv": [0, 11, 16, 16], "texture": "#0", "cullface": "west"},
				"up": {"uv": [0, 12, 16, 11], "rotation": 90, "texture": "#1"}
			}
		},
		{
			"from": [-0.5, 0, 10],
			"to": [3.5, 2, 11],
			"rotation": {"angle": 0, "axis": "y", "origin": [0, 0, 8]},
			"faces": {
				"north": {"uv": [10, 14, 10.5, 16], "texture": "#0"},
				"east": {"uv": [11, 14, 10, 16], "texture": "#0"},
				"south": {"uv": [10.5, 14, 10, 16], "texture": "#0"},
				"west": {"uv": [11, 14, 10, 16], "texture": "#0", "cullface": "west"},
				"up": {"uv": [11, 14, 10, 14.5], "rotation": 270, "texture": "#0"},
				"down": {"uv": [11, 15, 10, 15.5], "rotation": 270, "texture": "#0", "cullface": "down"}
			}
		},
		{
			"from": [-0.5, 0, 14],
			"to": [3.5, 2, 15],
			"rotation": {"angle": 0, "axis": "y", "origin": [0, 0, 8]},
			"faces": {
				"north": {"uv": [10, 14, 10.5, 16], "texture": "#0"},
				"east": {"uv": [11, 14, 10, 16], "texture": "#0"},
				"south": {"uv": [10.5, 14, 10, 16], "texture": "#0"},
				"west": {"uv": [11, 14, 10, 16], "texture": "#0", "cullface": "west"},
				"up": {"uv": [11, 14, 10, 14.5], "rotation": 270, "texture": "#0"},
				"down": {"uv": [11, 15, 10, 15.5], "rotation": 270, "texture": "#0", "cullface": "down"}
			}
		},
		{
			"from": [1, 5, 2],
			"to": [2, 11, 14],
			"faces": {
				"east": {"uv": [2, 5, 14, 11], "texture": "#1"},
				"west": {"uv": [2, 5, 14, 11], "texture": "#1"}
			}
		}
	],
	"groups": [
		{
			"name": "group",
			"origin": [8.5, -6, 5],
			"color": 0,
			"children": [0, 1, 2, 3, 4, 5]
		},
		6
	]
}